parcours,num,oblig1,oblig2,oblig3,cons1,cons2,cons3,cons4,cons5,equiv1,equiv2,equiv3,equiv4,equiv5
ANDROIDE,21107598,lrc,mogpl,,mapsi,mlbda,bima_en,,,algav,dlp,aagb,,
ANDROIDE,21106775,lrc,mogpl,,mapsi,complex,mlbda,,,bima,algav,pscr,,
ANDROIDE,21110846,lrc,mogpl,,complex,mapsi,algav,,,model,bima,mlbda,,
ANDROIDE,21128353,lrc,mogpl,,mapsi,complex,bima,,,algav,mlbda,aagb,,
ANDROIDE,21304236,lrc,mogpl,,aagb,mapsi,complex,,,bima,mlbda,model_en,,
ANDROIDE,21305057,lrc,mogpl,,complex,mapsi,bima,,,mlbda,algav,aagb,,
ANDROIDE,28705881,lrc,mogpl,,mapsi,complex,dlp,,,mlbda,bima,pscr,,
ANDROIDE,21106878,lrc,mogpl,,complex,mapsi,bima,,,mlbda,model,pscr,,
ANDROIDE,21113004,lrc,mogpl,,complex,mapsi,mlbda,,,qclg_qk4cs_en,signal,bima,,
ANDROIDE,21112041,lrc,mogpl,,mapsi,complex,mlbda,,,signal,aagb,qclg_qk4cs_en,,
ANDROIDE,28726582,lrc,mogpl,,complex,mapsi,mlbda,,,model,dlp,pscr,,
ANDROIDE,21400363,lrc,mogpl,,mapsi,complex,mlbda,,,dlp,aagb,bima,,
ANDROIDE,21400107,lrc,mogpl,,mapsi,complex,model,,,algav,bima,signal,,
ANDROIDE,21110736,lrc,mogpl,,mapsi,complex,mlbda,,,pscr,bima,algav,,
ANDROIDE,21400464,lrc,mogpl,,complex,mapsi,algav,bima,,dlp,pscr,,,
ANDROIDE,28605659,lrc,mogpl,,mapsi,complex,dlp,,,mlbda,bima,aagb,,
ANDROIDE,21400449,lrc,mogpl,,complex,mapsi,algav,,,bima,pscr,dlp,,
ANDROIDE,28706870,lrc,mogpl,,bima,complex,mapsi,,,model,qclg_qk4cs_en,algav,,
ANDROIDE,21411393,lrc,mogpl,,mapsi,bima,pscr,,,signal,mlbda,dlp,,
ANDROIDE,21113482,lrc,mogpl,,bima,complex,mapsi,,,model,qclg_qk4cs_en,signal,,
ANDROIDE,21238294,lrc,mogpl,,mapsi,complex,bima,,,algav,model,qclg_qk4cs_en,,
ANDROIDE,21101875,lrc,mogpl,,complex,mapsi,mlbda,,,pscr,aagb,signal,,
ANDROIDE,21104859,lrc,mogpl,,mapsi,complex,mlbda,,,pscr,aagb,model,,
ANDROIDE,21105329,lrc,mogpl,,mapsi,mlbda,algav,,,dlp,bima_en,complex,,
ANDROIDE,21112373,lrc,mogpl,,mapsi,complex,mlbda,,,pscr,aagb,bima,,
ANDROIDE,21401298,lrc,mogpl,,mapsi,bima,signal,,,mlbda,complex,pscr,,
ANDROIDE,21400122,lrc,mogpl,,mapsi,complex,aagb,,,bima,qclg_qk4cs_en,mlbda,,
ANDROIDE,21309952,,,,mlbda,mapsi,,,,bima,aagb,signal,,
ANDROIDE,21114048,lrc,mogpl,,complex,mapsi,bima,,,mlbda,signal,algav,,
ANDROIDE,3702809,lrc,mogpl,,mapsi,aagb,bima,,,mlbda,complex,qclg_qk4cs_en,,
ANDROIDE,28716151,lrc,mogpl,,mapsi,complex,mlbda,,,dlp,model,bima,,
ANDROIDE,28708160,,,,pscr,bima,mapsi,,,mlbda,aagb,signal,,
ANDROIDE,21107689,lrc,mogpl,,mapsi,complex,aagb,,,mlbda,dlp,signal,,
ANDROIDE,21108238,lrc,mogpl,,mapsi,complex,bima,,,mlbda,dlp,model,,
ANDROIDE,21107465,lrc,mogpl,,complex,mapsi,mlbda,,,bima,pscr,aagb,,
ANDROIDE,28630657,lrc,mogpl,,mapsi,complex,bima,,,aagb,mlbda,dlp,,
ANDROIDE,21400017,lrc,mogpl,,mapsi,bima,aagb,,,signal,complex,algav,,
ANDROIDE,21402861,lrc,mogpl,,mapsi,complex,bima,,,algav,mlbda,pscr,,
ANDROIDE,21113927,lrc,mogpl,,mapsi,complex,aagb,,,mlbda,dlp,signal,,
ANDROIDE,21112336,lrc,mogpl,,mapsi,mlbda,bima,,,complex,dlp,algav,,
ANDROIDE,21101825,lrc,mogpl,,complex,mapsi,bima,,,aagb,model_en,signal,,
ANDROIDE,28718491,lrc,mogpl,,mapsi,complex,mlbda,,,algav,aagb,pscr,,
ANDROIDE,3803177,,,,pscr,signal,,,,algav,dlp,mlbda,,
ANDROIDE,21110611,lrc,mogpl,,mapsi,complex,bima,,,mlbda,model,signal,,
SESI,CANDK12QHSFP,archi,vlsi,,ares,esa,mobj,,,noyau,pscr,rtel,,
ANDROIDE,28603668,lrc,mogpl,,mapsi,complex,,,,mlbda,algav,dlp,,
ANDROIDE,21318843,lrc,mogpl,,bima,mapsi,pscr,,,aagb,mlbda,signal,,
ANDROIDE,21109566,lrc,mogpl,,mapsi,complex,mlbda,,,bima,model,algav,,
ANDROIDE,21104033,lrc,mogpl,,mapsi,complex,bima,,,aagb,mlbda,model,,
ANDROIDE,28618735,,,,aagb,,,,,algav,signal,dlp,,
ANDROIDE,3702508,,,,aagb,,,,,algav,signal,dlp,,
SESI,21221825,archi,vlsi,,signal,esa,mobj,,,ares,noyau,rtel,,
ANDROIDE,28726597,lrc,mogpl,,complex,mapsi,algav,,,model,dlp,signal,,
IMA,21400117,bima,mapsi,,model_en,ppar_en,mogpl,,,mlbda,complex,signal,,
ANDROIDE,21418204,lrc,mogpl,,complex,mapsi,dlp,,,bima,model,aagb,,
BIM,233323371EB,aagb,mapsi,maths4m062,mogpl,lrc,,,,bima_en,model_en,algav,,
BIM,21402894,aagb,mapsi,maths4m062,bima_en,mlbda,,,,mogpl,model,algav,,
BIM,21402950,aagb,mapsi,maths4m062,bima_en,mogpl,,,,complex,lrc,model,,
BIM,21415959,aagb,mapsi,maths4m062,bima_en,mogpl,,,,complex,model,lrc,,
BIM,21323276,aagb,mapsi,maths4m062,bima_en,mogpl,,,,mlbda,model,algav,,
BIM,CANDGK3M7HLD,aagb,mapsi,maths4m062,bima_en,mogpl,,,,model,lrc,complex,,
BIM,21103771,aagb,mapsi,maths4m062,bima_en,mlbda,,,,model,lrc,algav,,
BIM,MA23_30927,aagb,mapsi,maths4m062,bima_en,model,,,,mogpl,lrc,complex,,
BIM,21316306,mapsi,,,bima_en,mogpl,,,,lrc,algav,mlbda,,
BIM,21400593,aagb,mapsi,maths4m062,lrc,bima_en,,,,algav,mogpl,complex,,
BIM,21405748,aagb,mapsi,maths4m062,mogpl,lrc,,,,model_en,complex,mlbda,,
BIM,21108059,aagb,mapsi,maths4m062,mogpl,bima_en,,,,lrc,mlbda,model,,
BIM,CAND7XL35GT8,aagb,mapsi,maths4m062,bima_en,algav,,,,mogpl,mlbda,complex,,
BIM,21414118,aagb,mapsi,maths4m062,mogpl,complex,,,,bima_en,model,lrc,,
BIM,21401467,aagb,mapsi,maths4m062,bima_en,mlbda,,,,model,mogpl,algav,,
CCA,CANDGJRWAV7C,complex,model,ppar_en,qclg_qk4cs_en,noyau,,,,archi,mapsi,mogpl,,
CCA,21400421,complex,model,ppar_en,archi,mapsi,,,,qclg_qk4cs_en,ares,mlbda,,
CCA,21400515,complex,model,ppar_en,archi,mapsi,,,,noyau,qclg_qk4cs_en,ares,,
CCA,21400099,complex,model,ppar_en,archi,pscr,,,,noyau,qclg_qk4cs_en,ares,,
CCA,21113851,complex,model,ppar_en,qclg_qk4cs_en,mapsi,,,,noyau,archi,mlbda,,
CCA,21411317,complex,model,ppar_en,archi,mapsi,,,,mogpl,ares,qclg_qk4cs_en,,
CCA,21416340,complex,model,ppar_en,archi,noyau,,,,mogpl,mapsi,mlbda,,
CCA,21400033,complex,model,ppar_en,archi,mapsi,,,,mlbda,mogpl,ares,,
CCA,21415339,complex,model,ppar_en,noyau,archi,,,,qclg_qk4cs_en,mapsi,mogpl,,
CCA,21400529,complex,model,ppar_en,archi,mapsi,,,,mogpl,mlbda,ares,,
CCA,21400615,complex,model,ppar_en,archi,noyau,,,,mapsi,qclg_qk4cs_en,mogpl,,
CCA,21200324,complex,model,ppar_en,qclg_qk4cs_en,noyau,,,,archi,ares,mapsi,,
CCA,21417802,complex,model,ppar_en,mlbda,mapsi,,,,archi,qclg_qk4cs_en,noyau,,
CCA,21100552,complex,model,ppar_en,qclg_qk4cs_en,pscr,,,,noyau,archi,ares,,
CCA,21407651,complex,model,ppar_en,archi,noyau,,,,mapsi,mlbda,mogpl,,
CCA,21410685,complex,model,ppar_en,archi,noyau,,,,mapsi,mlbda,mogpl,,
CCA,21309935,complex,model,ppar_en,mogpl,pscr,,,,archi,mlbda,noyau,,
CCA,28602563,complex,ppar_en,,archi,,,,,mogpl,pscr,mlbda,,
CCA,21416202,complex,model,,mlbda,mogpl,noyau,,,ppar_en,pscr,ares,,
CCA,21112838,complex,model,ppar_en,qclg_qk4cs_en,pscr,,,,archi,noyau,mogpl,,
CCA,28726079,complex,model,ppar_en,mapsi,noyau,,,,qclg_qk4cs_en,archi,ares,,
CCA,21117351,complex,model,,archi,mapsi,mogpl,,,ppar_en,ares,noyau,,
CCA,21212724,complex,model,ppar_en,mapsi,ares,,,,mogpl,archi,qclg_qk4cs_en,,
DAC,21300058,lrc,mapsi,mlbda,bima,mogpl,,,,complex,model,signal,,
DAC,21304385,,,,bima,,,,,aagb,model,complex,,
DAC,28706448,lrc,mapsi,mlbda,mogpl,bima_en,,,,model_en,aagb,signal,,
DAC,28706356,lrc,mapsi,mlbda,mogpl,bima_en,,,,model_en,aagb,signal,,
DAC,21108860,lrc,mapsi,mlbda,mogpl,complex,,,,aagb,model_en,bima_en,,
DAC,21316700,mapsi,,,,,,,,bima,model,signal,,
DAC,21402664,lrc,mapsi,mlbda,complex,model,,,,bima,mogpl,signal,,
DAC,21311806,mapsi,,,model_en,,,,,aagb,complex,bima,,
DAC,21400077,lrc,mapsi,mlbda,bima,complex,,,,model,mogpl,signal,,
DAC,CANDZLBESIXP,lrc,mapsi,mlbda,bima,mogpl,,,,complex,model,signal,,
DAC,21105214,lrc,mapsi,mlbda,bima,mogpl,,,,model,complex,aagb,,
DAC,21402600,lrc,mapsi,mlbda,mogpl,bima_en,,,,complex,model,aagb,,
DAC,21418571,lrc,mapsi,mlbda,complex,mogpl,,,,signal,bima,model,,
DAC,21400505,lrc,mapsi,mlbda,mogpl,bima_en,,,,model_en,signal,complex,,
DAC,21100696,lrc,mapsi,mlbda,mogpl,complex,,,,aagb,model,bima,,
DAC,21400495,lrc,mapsi,mlbda,bima,signal,aagb,,,mogpl,model,,,
DAC,21400184,lrc,mapsi,mlbda,bima,mogpl,,,,model,complex,signal,,
DAC,21113693,lrc,mapsi,mlbda,bima,mogpl,,,,complex,model,signal,,
DAC,21400068,lrc,mapsi,mlbda,bima,model,,,,complex,mogpl,signal,,
DAC,21111286,lrc,mapsi,mlbda,bima,mogpl,,,,model,complex,signal,,
DAC,21410720,lrc,mapsi,mlbda,bima,model,,,,signal,mogpl,complex,,
DAC,28712609,lrc,,,,,,,,bima_en,signal,complex,,
DAC,21105949,lrc,mapsi,mlbda,bima,mogpl,,,,model,complex,signal,,
DAC,21407315,lrc,mapsi,mlbda,bima,complex,,,,model,signal,mogpl,,
DAC,21105223,lrc,mapsi,mlbda,mogpl,bima,,,,complex,aagb,model,,
DAC,21102968,lrc,mapsi,mlbda,mogpl,bima,,,,complex,aagb,model,,
DAC,21414350,lrc,mapsi,mlbda,model,mogpl,,,,bima,complex,signal,,
DAC,21400967,lrc,mapsi,mlbda,complex,bima,,,,model,mogpl,aagb,,
DAC,21408798,lrc,mapsi,mlbda,complex,model_en,,,,mogpl,signal,aagb,,
DAC,21105301,lrc,mapsi,mlbda,mogpl,bima,,,,aagb,model,complex,,
DAC,21402854,lrc,mapsi,mlbda,bima_en,model_en,,,,aagb,mogpl,complex,,
DAC,28603647,lrc,mapsi,mlbda,bima,mogpl,,,,complex,aagb,signal,,
DAC,21401951,lrc,mapsi,mlbda,mogpl,bima,,,,model,complex,aagb,,
DAC,21417011,lrc,mapsi,mlbda,mogpl,complex,,,,bima,aagb,signal,,
DAC,28725545,lrc,mapsi,mlbda,bima,complex,,,,mogpl,aagb,model,,
DAC,21418700,lrc,mapsi,mlbda,bima_en,aagb,,,,signal,mogpl,complex,,
DAC,SU00002235,lrc,mapsi,mlbda,complex,signal,,,,model,aagb,bima,,
IMA,21408105,bima,mapsi,,mogpl,mlbda,lrc,,,dlp,algav,complex,,
IMA,21400298,bima,mapsi,,model,aagb,complex,,,algav,lrc,signal,,
IMA,21306997,bima,mapsi,,model_en,mlbda,,,,lrc,mogpl,aagb,,
IMA,21400378,bima,mapsi,,ppar_en,aagb,mogpl,,,lrc,model,complex,,
IMA,21318476,bima,mapsi,,model,algav,signal,,,mogpl,complex,aagb,,
IMA,21304866,bima,mapsi,,signal,model,mogpl,,,aagb,lrc,mlbda,,
IMA,21105872,bima,mapsi,,mogpl,algav,aagb,,,complex,dlp,signal,,
IMA,21402552,bima,mapsi,,model,mogpl,complex,,,lrc,mlbda,ppar_en,,
IMA,3702388,bima,mapsi,,mogpl,lrc,,,,pscr,algav,dlp,,
IMA,21400109,bima,mapsi,,aagb,model,algav,,,complex,mogpl,ppar_en,,
IMA,21400518,bima,mapsi,,mogpl,model,signal,,,algav,complex,aagb,,
IMA,21400271,bima,mapsi,,mogpl,lrc,mlbda,,,signal,algav,dlp,,
IMA,21411880,bima,mapsi,,mlbda,lrc,mogpl,,,algav,model,ppar_en,,
IMA,21417723,bima,mapsi,,model_en,ppar_en,mogpl,,,signal,aagb,lrc,,
IQ,21401492,qclg_qk4cs_en,qph4cs_en,,mogpl,complex,algav,,,ppar_en,model_en,archi_en,,
IQ,21402057,qclg_qk4cs_en,qph4cs_en,,comnet_en,archi_en,model_en,,,model,complex,mogpl,,
IQ,21419157,qclg_qk4cs_en,qph4cs_en,,bima_en,comnet_en,archi_en,,,sigcom_en,ppar_en,model_en,,
IQ,21413535,qclg_qk4cs_en,qph4cs_en,,bima_en,model_en,complex,,,sigcom_en,ppar_en,archi_en,,
IQ,21400302,qclg_qk4cs_en,qph4cs_en,,model_en,ppar_en,bima_en,,,comnet_en,archi_en,sigcom_en,,
IQ,21412569,qclg_qk4cs_en,qph4cs_en,,model_en,ppar_en,bima_en,,,sigcom_en,archi_en,comnet_en,,
IQ,21308452,qph4cs_en,,,bima_en,comnet_en,,,,ppar_en,sigcom_en,complex,,
IQ,21400845,qclg_qk4cs_en,qph4cs_en,,model,complex,comnet_en,,,ppar_en,mogpl,sigcom_en,,
IQ,7867890,qclg_qk4cs_en,qph4cs_en,,model,complex,bima_en,,,mogpl,sigcom_en,comnet_en,,
IQ,21410318,qclg_qk4cs_en,qph4cs_en,,bima_en,sigcom_en,model,,,ppar_en,complex,mogpl,,
IQ,21304631,qph4cs_en,,,bima_en,model_en,complex,,,ppar_en,algav,sigcom_en,,
IQ,21416282,qclg_qk4cs_en,qph4cs_en,,complex,model_en,ppar_en,,,comnet_en,mogpl,sigcom_en,,
IQ,21402875,qclg_qk4cs_en,qph4cs_en,,mogpl,complex,bima_en,,,model,sigcom_en,ppar_en,,
IQ,21412463,qclg_qk4cs_en,qph4cs_en,,ppar_en,model_en,bima_en,,,sigcom_en,algav,complex,,
IQ,21401739,qclg_qk4cs_en,qph4cs_en,,complex,mogpl,ppar_en,,,bima_en,model,archi_en,,
IQ,21400700,qclg_qk4cs_en,qph4cs_en,,model_en,ppar_en,bima_en,,,comnet_en,sigcom_en,archi_en,,
IQ,21400381,qclg_qk4cs_en,qph4cs_en,,model_en,bima_en,ppar_en,,,sigcom_en,comnet_en,archi_en,,
IQ,21416062,qclg_qk4cs_en,qph4cs_en,,complex,ppar_en,bima_en,,,model_en,comnet_en,sigcom_en,,
IQ,21410437,qclg_qk4cs_en,qph4cs_en,,model_en,ppar_en,bima_en,,,sigcom_en,comnet_en,archi_en,,
IQ,21401571,qclg_qk4cs_en,qph4cs_en,,ppar_en,comnet_en,complex,,,bima_en,model_en,sigcom_en,,
IQ,21400407,qclg_qk4cs_en,qph4cs_en,,model_en,bima_en,ppar_en,,,sigcom_en,archi_en,complex,,
RES,21107603,ares,progres,rtel,archi,noyau,,,,pscr,mogpl,signal,,
RES,21414469,ares,progres,rtel,algav,pscr,,,,noyau,mapsi,archi,,
RES,21418536,ares,progres,rtel,mapsi,mlbda,,,,mogpl,algav,complex,,
RES,21113417,ares,progres,rtel,pscr,signal,,,,noyau,complex,archi,,
RES,21402458,ares,progres,rtel,signal,noyau,,,,pscr,mogpl,mlbda,,
RES,21411344,ares,progres,rtel,noyau,pscr,,,,mogpl,signal,archi,,
RES,21304461,ares,rtel,,archi,,,,,complex,algav,noyau,,
RES,21104733,ares,progres,rtel,archi,signal,,,,noyau,pscr,mogpl,,
RES,21313806,ares,progres,rtel,signal,pscr,,,,noyau,mapsi,archi,,
RES,21415798,ares,progres,rtel,signal,archi,,,,pscr,noyau,mlbda,,
RES,3800028,rtel,,,pscr,archi,,,,complex,signal,noyau,,
RES,21400072,ares,progres,rtel,mlbda,archi,,,,signal,mogpl,algav,,
RES,28608312,ares,progres,rtel,signal,pscr,,,,noyau,complex,mogpl,,
RES,21415624,ares,progres,rtel,noyau,signal,,,,archi,pscr,mlbda,,
RES,28608744,ares,progres,rtel,noyau,pscr,,,,algav,mogpl,complex,,
RES,28617513,ares,progres,rtel,mlbda,noyau,,,,archi,pscr,signal,,
RES,21419245,ares,progres,rtel,noyau,pscr,,,,mlbda,algav,mogpl,,
RES,21309415,,,,signal,noyau,,,,algav,mapsi,mlbda,,
RES,21110119,ares,progres,rtel,mogpl,mlbda,,,,pscr,signal,noyau,,
RES,21415515,ares,progres,rtel,pscr,mogpl,,,,mlbda,archi,algav,,
RES,28712378,ares,progres,rtel,signal,archi,,,,noyau,pscr,mogpl,,
RES,21110508,ares,progres,rtel,noyau,mogpl,,,,signal,pscr,archi_en,,
RES,21106783,ares,progres,rtel,noyau,mogpl,,,,signal,pscr,archi_en,,
RES,21411874,ares,progres,rtel,noyau,signal,,,,mlbda,pscr,archi,,
RES,21107819,ares,progres,rtel,archi_en,signal,,,,pscr,mlbda,mogpl,,
RES,21118889,ares,progres,rtel,noyau,archi,,,,pscr,signal,mogpl,,
RES,21414628,ares,progres,rtel,archi,noyau,,,,mlbda,signal,mogpl,,
RES,21416339,ares,progres,rtel,mlbda,algav,,,,complex,signal,pscr,,
RES,21134068,ares,progres,rtel,signal,archi,,,,noyau,pscr,mogpl,,
RES,MA23_29379,ares,progres,rtel,noyau,pscr,,,,mlbda,algav,mogpl,,
RES,28706212,ares,progres,rtel,mogpl,signal,,,,pscr,mlbda,noyau,,
RES,21323034,,,,mogpl,signal,,,,noyau,mlbda,pscr,,
RES,21406833,ares,progres,rtel,noyau,mlbda,,,,archi,pscr,signal,,
RES,21415267,ares,progres,rtel,pscr,noyau,,,,archi,signal,complex,,
RES,CAND4BDJZFRW,ares,progres,rtel,signal,archi,,,,noyau,pscr,mogpl,,
RES,21101134,ares,progres,rtel,complex,pscr,,,,algav,noyau,archi,,
RES,21406863,ares,progres,rtel,mlbda,noyau,,,,signal,archi,pscr,,
RES,21416974,ares,progres,rtel,mlbda,archi,,,,signal,noyau,pscr,,
RES,21413282,ares,progres,rtel,archi,noyau,,,,signal,pscr,mogpl,,
RES,21401849,ares,progres,rtel,archi,pscr,,,,signal,mlbda,noyau,,
RES,21406894,ares,progres,rtel,mlbda,noyau,,,,signal,archi,pscr,,
RES,21401923,ares,progres,rtel,signal,mogpl,,,,noyau,archi,complex,,
RES,28711045,ares,progres,rtel,noyau,pscr,,,,archi,mlbda,signal,,
RES,21401729,ares,progres,rtel,noyau,archi,,,,signal,archi_en,pscr,,
RES,21402506,ares,progres,rtel,signal,noyau,,,,archi,pscr,mogpl,,
RES,21418679,ares,progres,rtel,signal,archi,,,,noyau,mogpl,pscr,,
RES,21111263,ares,progres,rtel,noyau,pscr,,,,archi,mogpl,signal,,
RES,21105099,ares,progres,rtel,pscr,noyau,,,,mogpl,algav,archi,,
RES,21401563,ares,progres,rtel,archi,pscr,,,,signal,mogpl,noyau,,
RES,21107297,ares,progres,rtel,pscr,mlbda,,,,mogpl,signal,noyau,,
RES,21401533,ares,progres,rtel,signal,archi,,,,pscr,noyau,mogpl,,
RES,21410147,ares,progres,rtel,signal,mlbda,,,,mogpl,noyau,archi,,
RES,SU00002305,ares,progres,rtel,signal,noyau,,,,pscr,mlbda,mapsi,,
RES,21419195,ares,progres,rtel,pscr,mlbda,,,,complex,noyau,signal,,
RES,21418441,ares,progres,rtel,pscr,mlbda,,,,complex,noyau,signal,,
RES,21419196,ares,progres,rtel,pscr,mlbda,,,,complex,noyau,signal,,
RES,DZ22_21634_C02,ares,progres,rtel,noyau,pscr,,,,archi,mogpl,mapsi,,
SAR,21304583,noyau,pscr,,signal,rtel,complex,,,archi,dlp,ares,,
SAR,21400034,noyau,pscr,,ares,rtel,lrc,,,mlbda,model,signal,,
SAR,21101028,noyau,pscr,,archi,sc,vlsi,mlbda,,dlp,lrc,,,
SAR,21104840,noyau,pscr,,archi,sc,ares,,,dlp,rtel,mlbda,,
SAR,21107756,noyau,pscr,,archi,vlsi,sc,mlbda,,ares,dlp,,,
SAR,21414745,noyau,pscr,,algav,ares,archi,,,mlbda,signal,dlp,,
SAR,21400353,noyau,pscr,,dlp,archi,algav,,,mlbda,ares,mobj,,
SAR,21410175,noyau,pscr,,archi,ares,sc,mlbda,,algav,dlp,,,
SAR,21103270,noyau,pscr,,sc,archi,ares,,,vlsi,mlbda,rtel,,
SAR,21417415,noyau,pscr,,archi,mlbda,ares,,,dlp,mobj,sc,,
SAR,21101206,noyau,pscr,,archi,sc,vlsi,,,rtel,algav,ares,,
SAR,21414666,noyau,pscr,,archi,vlsi,mobj,,,ares,rtel,aagb,,
SAR,28725256,noyau,pscr,,complex,archi,vlsi,algav,,sc,mapsi,,,
SAR,21400344,noyau,pscr,,dlp,archi,sc,,,mogpl,complex,algav,,
SAR,21400013,noyau,pscr,,algav,dlp,sc,,,vlsi,archi,aagb,,
SAR,21113241,noyau,pscr,,sc,archi,vlsi,,,dlp,ares,mogpl,,
SAR,21400428,noyau,pscr,,rtel,archi,mlbda,,,dlp,ares,sc,,
SAR,21400296,noyau,pscr,,sc,archi,ares,,,dlp,mlbda,vlsi,,
SAR,21102028,noyau,pscr,,ares,sc,archi,,,mlbda,dlp,rtel,,
SAR,080480637GK,noyau,pscr,,mlbda,archi,ares,,,complex,mogpl,rtel,,
SAR,21400280,noyau,pscr,,mlbda,archi,ares,,,complex,mogpl,rtel,,
SAR,28723936,noyau,pscr,,dlp,lrc,ares,,,mogpl,algav,sc,,
SAR,21401426,noyau,pscr,,vlsi,archi,sc,,,mobj,ares,dlp,,
SAR,21132666,noyau,pscr,,ares,sc,archi,mlbda,,rtel,dlp,,,
SAR,21401550,noyau,pscr,,complex,model,ares,,,archi,algav,mogpl,,
SAR,21102002,noyau,pscr,,dlp,sc,ares,,,mlbda,archi,algav,,
SAR,21403462,noyau,pscr,,mlbda,archi,ares,,,rtel,vlsi,sc,,
SAR,21400542,noyau,pscr,,archi,algav,ares,,,dlp,rtel,sc,,
SAR,28710673,noyau,pscr,,mlbda,ares,archi,,,sc,dlp,algav,,
SAR,28707636,noyau,pscr,,mlbda,ares,dlp,,,sc,archi,algav,,
SAR,21400471,noyau,pscr,,algav,dlp,mogpl,,,archi,ares,sc,,
SESI,21220727,archi,vlsi,,esa,mobj,signal,,,noyau,pscr,ares,,
SESI,21300921,archi,vlsi,,mobj,esa,signal,,,ares,pscr,noyau,,
SESI,28620147,archi,vlsi,,mobj,signal,esa,,,ares,rtel,noyau,,
SESI,28712457,archi,vlsi,,esa,signal,mobj,,,ares,rtel,pscr,,
SESI,28715042,archi,vlsi,,noyau,pscr,mlbda,,,ares,rtel,algav,,
SESI,21117546,archi,vlsi,,ares,mobj,noyau,,,rtel,esa,signal,,
SESI,21416422,archi,vlsi,,signal,mobj,esa,,,rtel,pscr,noyau,,
SESI,21418100,archi,vlsi,,mobj,ares,noyau,,,pscr,lrc,mapsi,,
SESI,21416354,archi,vlsi,,mobj,pscr,noyau,,,ares,algav,signal,,
SESI,28605381,archi,vlsi,,noyau,pscr,ares,,,rtel,mobj,signal,,
SESI,21103102,archi,vlsi,,mobj,pscr,noyau,,,signal,ares,rtel,,
SESI,21105074,archi,vlsi,,mobj,pscr,noyau,,,signal,esa,rtel,,
SESI,21403064,archi,vlsi,,esa,pscr,noyau,,,signal,sc,mobj,,
SESI,21102722,archi,vlsi,,noyau,pscr,esa,,,dlp,mobj,signal,,
SESI,CANDP5TFXEG8,archi,vlsi,,mobj,noyau,mapsi,,,dlp,mlbda,ares,,
SESI,21300799,archi,vlsi,,mobj,noyau,ares,,,rtel,signal,pscr,,
SESI,28708764,archi,vlsi,,mobj,noyau,ares,,,rtel,pscr,sc,,
SESI,21400355,archi,vlsi,,dlp,noyau,esa,,,signal,ares,mobj,,
SESI,21414075,archi,vlsi,,signal,mobj,esa,,,ares,rtel,noyau,,
SESI,21410773,archi,vlsi,,esa,signal,mobj,,,noyau,pscr,ares,,
SESI,21115269,archi,vlsi,,mobj,esa,signal,,,noyau,sc,rtel,,
SESI,21102544,archi,vlsi,,pscr,noyau,mobj,,,ares,signal,esa,,
SESI,28707831,archi,vlsi,,mobj,esa,signal,,,noyau,ares,pscr,,
SESI,21304469,,,,mobj,signal,,,,pscr,ares,model_en,,
SESI,21310245,archi,,,pscr,,,,,signal,bima,ares,,
SESI,21106771,archi,vlsi,,mobj,noyau,mogpl,,,ares,rtel,lrc,,
SESI,M47IX2JU1D,archi,vlsi,,signal,mobj,ares,,,rtel,bima,aagb,,
SESI,21107748,archi,vlsi,,noyau,pscr,mogpl,,,ares,mobj,mlbda,,
SESI,21319752,archi,vlsi,,mobj,noyau,sc,,,ares,signal,pscr,,
STL,21308054,algav,ouv_ang,,pscr,noyau,,,,mlbda,lrc,archi_en,,
STL,21400644,algav,dlp,ouv_ang,pscr,ares,mogpl,,,noyau,lrc,,,
STL,28706938,algav,dlp,ouv_ang,pscr,mlbda,,,,noyau,ares,complex,,
STL,21414794,algav,dlp,ouv_ang,lrc,noyau,,,,pscr,mlbda,ares,,
STL,21409960,algav,dlp,ouv_ang,mlbda,pscr,,,,mapsi,lrc,mogpl,,
STL,21304592,algav,dlp,ouv_ang,pscr,noyau,,,,ares,model,mlbda,,
STL,21414764,algav,dlp,ouv_ang,lrc,noyau,,,,mlbda,complex,ares,,
STL,21400303,algav,dlp,ouv_ang,pscr,complex,,,,noyau,lrc,model,,
STL,21401941,algav,dlp,ouv_ang,pscr,noyau,,,,mlbda,ares,archi_en,,
STL,21401699,algav,dlp,ouv_ang,lrc,mogpl,complex,,,model,pscr,,,
STL,21402345,algav,dlp,ouv_ang,ares,pscr,,,,lrc,complex,mogpl,,
STL,21402779,algav,dlp,ouv_ang,pscr,ares,,,,mlbda,lrc,noyau,,
STL,21400333,algav,dlp,ouv_ang,pscr,noyau,,,,complex,lrc,mogpl,,
STL,21417088,algav,dlp,ouv_ang,mlbda,lrc,mogpl,,,noyau,pscr,,,
STL,21113270,algav,dlp,ouv_ang,ares,mlbda,,,,lrc,mogpl,pscr,,
STL,21414555,algav,dlp,ouv_ang,mogpl,lrc,,,,archi_en,model,pscr,,
STL,21414823,algav,dlp,ouv_ang,pscr,noyau,,,,model_en,archi_en,mapsi,,
STL,28705179,algav,dlp,,pscr,,,,,ares,model,mlbda,,
STL,28604611,algav,dlp,ouv_ang,pscr,mlbda,,,,ares,lrc,mogpl,,
STL,28608482,algav,dlp,ouv_ang,pscr,mlbda,,,,ares,lrc,mogpl,,
STL,28707756,algav,ouv_ang,,lrc,model,,,,ares,pscr,noyau,,
STL,21412125,algav,dlp,ouv_ang,pscr,noyau,,,,complex,lrc,ares,,
STL,21103680,algav,dlp,ouv_ang,lrc,mlbda,,,,model_en,mogpl,mapsi,,
STL,21401861,algav,dlp,ouv_ang,pscr,noyau,lrc,,,mogpl,complex,,,
STL,21111116,algav,dlp,ouv_ang,lrc,pscr,,,,mogpl,complex,model,,
STL,21407345,algav,dlp,ouv_ang,pscr,lrc,,,,mlbda,noyau,mogpl,,
STL,21416343,algav,dlp,ouv_ang,lrc,pscr,,,,mlbda,ares,model,,
STL,21414955,algav,dlp,ouv_ang,pscr,noyau,,,,ares,lrc,mlbda,,
STL,21400635,algav,dlp,ouv_ang,pscr,lrc,,,,model,mogpl,noyau,,
STL,28723564,algav,dlp,ouv_ang,pscr,noyau,,,,mogpl,lrc,mapsi,,
STL,3808150,algav,dlp,,pscr,noyau,,,,lrc,mlbda,mogpl,,
STL,21110908,algav,dlp,ouv_ang,lrc,noyau,,,,pscr,complex,archi_en,,
STL,28723873,algav,dlp,ouv_ang,noyau,pscr,,,,archi_en,mogpl,lrc,,
STL,21403871,algav,dlp,ouv_ang,pscr,noyau,,,,mlbda,ares,mogpl,,
STL,21409957,algav,dlp,ouv_ang,pscr,noyau,,,,mlbda,ares,lrc,,
STL,21402510,algav,dlp,ouv_ang,noyau,pscr,,,,ares,mlbda,lrc,,
STL,21107747,algav,dlp,ouv_ang,mogpl,mapsi,,,,lrc,ares,pscr,,
STL,21317509,dlp,,,lrc,,,,,complex,mapsi,model,,
STL,21406000,algav,dlp,ouv_ang,lrc,noyau,,,,archi_en,model,complex,,
STL,21416247,algav,dlp,ouv_ang,pscr,mapsi,,,,mlbda,mogpl,model,,
STL,21113585,algav,dlp,ouv_ang,noyau,pscr,,,,ares,complex,mogpl,,
STL,21401043,algav,dlp,ouv_ang,ares,mlbda,mogpl,,,model_en,complex,,,
STL,21402566,algav,dlp,ouv_ang,pscr,mogpl,,,,lrc,ares,mlbda,,
STL,21417054,algav,dlp,ouv_ang,mlbda,complex,,,,pscr,ares,mogpl,,
STL,21416091,algav,dlp,ouv_ang,pscr,mlbda,,,,lrc,noyau,mogpl,,
STL,21418006,algav,dlp,ouv_ang,pscr,mlbda,,,,lrc,noyau,mogpl,,
